Estacion,Fecha final,CO,gain,test
NOBSA-NAZARETH,0.0,575.6937401187255,1471.8862975787256,580.6937401187255
SOGAMOSO-MOVIL KOICA,0.0,470.64015807453876,1196.4970773484501,475.64015807453876
SOGAMOSO-RECREO,0.0,726.1353688432026,1837.90098937183,731.1353688432026
